{
  "run_id": "20251103_204725",
  "llm_name": "DeepSeek(deepseek-chat)",
  "n_samples": 9,
  "n_queries_per_sample": null,
  "query_multiplier": 1.0,
  "seed": 33550336,
  "timestamp": "2025-11-03T20:52:38.078954",
  "results": [
    {
      "observation_set_id": "g3_h3_b1_007",
      "n_observations": 1,
      "n_ground_truths": 3,
      "n_queries": 3,
      "n_valid": 2,
      "n_unique": 3,
      "n_recovered_gts": 2,
      "parse_success_count": 3,
      "parse_success_rate": 1.0,
      "valid_rate": 0.6666666666666666,
      "novelty_rate": 1.0,
      "recovery_rate": 0.6666666666666666,
      "token_usage": {
        "prompt_tokens": 2791,
        "completion_tokens": 720,
        "total_tokens": 3511
      },
      "cost": 0.00059234,
      "errors": [],
      "error_summary": {
        "total_errors": 0,
        "error_types": {}
      },
      "all_hypotheses": [
        "Layer 1:\n0 0 0\n0 0 0\n1 0 0",
        "Layer 1:\n0 0 0\n0 0 0\n1 0 0\nLayer 2:\n0 0 0\n0 0 0\n1 0 0\nLayer 3:\n0 0 0\n0 0 0\n1 0 0",
        "Layer 1:\n0 0 0\n0 0 0\n1 1 0\nLayer 2:\n0 0 0\n0 0 0\n1 0 0"
      ],
      "unique_structures": [
        "Layer 1:\n0 0 0\n0 0 0\n1 0 0",
        "Layer 1:\n0 0 0\n0 0 0\n1 0 0\nLayer 2:\n0 0 0\n0 0 0\n1 0 0\nLayer 3:\n0 0 0\n0 0 0\n1 0 0",
        "Layer 1:\n0 0 0\n0 0 0\n1 1 0\nLayer 2:\n0 0 0\n0 0 0\n1 0 0"
      ]
    },
    {
      "observation_set_id": "g3_h3_b1_004",
      "n_observations": 1,
      "n_ground_truths": 3,
      "n_queries": 3,
      "n_valid": 2,
      "n_unique": 3,
      "n_recovered_gts": 2,
      "parse_success_count": 3,
      "parse_success_rate": 1.0,
      "valid_rate": 0.6666666666666666,
      "novelty_rate": 1.0,
      "recovery_rate": 0.6666666666666666,
      "token_usage": {
        "prompt_tokens": 2791,
        "completion_tokens": 851,
        "total_tokens": 3642
      },
      "cost": 0.0006290200000000001,
      "errors": [],
      "error_summary": {
        "total_errors": 0,
        "error_types": {}
      },
      "all_hypotheses": [
        "Layer 1:\n0 0 0\n1 0 0\n0 0 0",
        "Layer 1:\n0 0 0\n1 0 0\n0 0 0\nLayer 2:\n0 0 0\n1 0 0\n0 0 0\nLayer 3:\n0 0 0\n1 0 0\n0 0 0",
        "Layer 1:\n0 0 0\n1 1 0\n0 0 0\nLayer 2:\n0 0 0\n1 0 0\n0 0 0"
      ],
      "unique_structures": [
        "Layer 1:\n0 0 0\n1 0 0\n0 0 0",
        "Layer 1:\n0 0 0\n1 0 0\n0 0 0\nLayer 2:\n0 0 0\n1 0 0\n0 0 0\nLayer 3:\n0 0 0\n1 0 0\n0 0 0",
        "Layer 1:\n0 0 0\n1 1 0\n0 0 0\nLayer 2:\n0 0 0\n1 0 0\n0 0 0"
      ]
    },
    {
      "observation_set_id": "g3_h3_b1_006",
      "n_observations": 1,
      "n_ground_truths": 3,
      "n_queries": 3,
      "n_valid": 0,
      "n_unique": 3,
      "n_recovered_gts": 0,
      "parse_success_count": 3,
      "parse_success_rate": 1.0,
      "valid_rate": 0.0,
      "novelty_rate": 1.0,
      "recovery_rate": 0.0,
      "token_usage": {
        "prompt_tokens": 2857,
        "completion_tokens": 950,
        "total_tokens": 3807
      },
      "cost": 0.00066598,
      "errors": [],
      "error_summary": {
        "total_errors": 0,
        "error_types": {}
      },
      "all_hypotheses": [
        "Layer 1:\n0 0 0\n0 1 0\n0 0 0\nLayer 2:\n0 0 0\n0 1 0\n0 0 0\nLayer 3:\n0 0 0\n0 1 0\n0 0 0",
        "Layer 1:\n0 0 0\n0 1 0\n0 0 0\nLayer 2:\n0 0 0\n0 0 1\n0 0 0",
        "Layer 1:\n0 0 0\n0 1 1\n0 0 0\nLayer 2:\n0 0 0\n0 0 1\n0 0 0"
      ],
      "unique_structures": [
        "Layer 1:\n0 0 0\n0 1 0\n0 0 0\nLayer 2:\n0 0 0\n0 1 0\n0 0 0\nLayer 3:\n0 0 0\n0 1 0\n0 0 0",
        "Layer 1:\n0 0 0\n0 1 0\n0 0 0\nLayer 2:\n0 0 0\n0 0 1\n0 0 0",
        "Layer 1:\n0 0 0\n0 1 1\n0 0 0\nLayer 2:\n0 0 0\n0 0 1\n0 0 0"
      ]
    },
    {
      "observation_set_id": "g3_h3_b1_002",
      "n_observations": 1,
      "n_ground_truths": 3,
      "n_queries": 3,
      "n_valid": 2,
      "n_unique": 3,
      "n_recovered_gts": 2,
      "parse_success_count": 3,
      "parse_success_rate": 1.0,
      "valid_rate": 0.6666666666666666,
      "novelty_rate": 1.0,
      "recovery_rate": 0.6666666666666666,
      "token_usage": {
        "prompt_tokens": 2857,
        "completion_tokens": 905,
        "total_tokens": 3762
      },
      "cost": 0.0006533800000000001,
      "errors": [],
      "error_summary": {
        "total_errors": 0,
        "error_types": {}
      },
      "all_hypotheses": [
        "Layer 1:\n0 1 0\n0 0 0\n0 0 0\nLayer 2:\n0 1 0\n0 0 0\n0 0 0\nLayer 3:\n0 1 0\n0 0 0\n0 0 0",
        "Layer 1:\n1 1 0\n0 0 0\n0 0 0\nLayer 2:\n0 1 0\n0 0 0\n0 0 0",
        "Layer 1:\n0 1 0\n0 0 0\n0 0 0\nLayer 2:\n0 1 0\n0 0 0\n0 0 0"
      ],
      "unique_structures": [
        "Layer 1:\n0 1 0\n0 0 0\n0 0 0\nLayer 2:\n0 1 0\n0 0 0\n0 0 0\nLayer 3:\n0 1 0\n0 0 0\n0 0 0",
        "Layer 1:\n1 1 0\n0 0 0\n0 0 0\nLayer 2:\n0 1 0\n0 0 0\n0 0 0",
        "Layer 1:\n0 1 0\n0 0 0\n0 0 0\nLayer 2:\n0 1 0\n0 0 0\n0 0 0"
      ]
    },
    {
      "observation_set_id": "g3_h3_b1_001",
      "n_observations": 1,
      "n_ground_truths": 3,
      "n_queries": 3,
      "n_valid": 3,
      "n_unique": 3,
      "n_recovered_gts": 3,
      "parse_success_count": 3,
      "parse_success_rate": 1.0,
      "valid_rate": 1.0,
      "novelty_rate": 1.0,
      "recovery_rate": 1.0,
      "token_usage": {
        "prompt_tokens": 2857,
        "completion_tokens": 674,
        "total_tokens": 3531
      },
      "cost": 0.0005887,
      "errors": [],
      "error_summary": {
        "total_errors": 0,
        "error_types": {}
      },
      "all_hypotheses": [
        "Layer 1:\n1 0 0\n0 0 0\n0 0 0\nLayer 2:\n1 0 0\n0 0 0\n0 0 0\nLayer 3:\n1 0 0\n0 0 0\n0 0 0",
        "Layer 1:\n1 0 0\n0 0 0\n0 0 0\nLayer 2:\n1 0 0\n0 0 0\n0 0 0",
        "Layer 1:\n1 0 0\n0 0 0\n0 0 0"
      ],
      "unique_structures": [
        "Layer 1:\n1 0 0\n0 0 0\n0 0 0\nLayer 2:\n1 0 0\n0 0 0\n0 0 0\nLayer 3:\n1 0 0\n0 0 0\n0 0 0",
        "Layer 1:\n1 0 0\n0 0 0\n0 0 0\nLayer 2:\n1 0 0\n0 0 0\n0 0 0",
        "Layer 1:\n1 0 0\n0 0 0\n0 0 0"
      ]
    },
    {
      "observation_set_id": "g3_h3_b1_003",
      "n_observations": 1,
      "n_ground_truths": 3,
      "n_queries": 3,
      "n_valid": 2,
      "n_unique": 3,
      "n_recovered_gts": 2,
      "parse_success_count": 3,
      "parse_success_rate": 1.0,
      "valid_rate": 0.6666666666666666,
      "novelty_rate": 1.0,
      "recovery_rate": 0.6666666666666666,
      "token_usage": {
        "prompt_tokens": 2857,
        "completion_tokens": 844,
        "total_tokens": 3701
      },
      "cost": 0.0006363000000000001,
      "errors": [],
      "error_summary": {
        "total_errors": 0,
        "error_types": {}
      },
      "all_hypotheses": [
        "Layer 1:\n0 0 1\n0 0 0\n0 0 0\nLayer 2:\n0 0 1\n0 0 0\n0 0 0\nLayer 3:\n0 0 1\n0 0 0\n0 0 0",
        "Layer 1:\n0 0 1\n0 0 0\n0 0 0\nLayer 2:\n0 0 1\n0 0 0\n0 0 0",
        "Layer 1:\n0 0 1\n0 0 0\n0 0 0\nLayer 2:\n0 0 0\n0 0 0\n0 0 0\nLayer 3:\n0 0 1\n0 0 0\n0 0 0"
      ],
      "unique_structures": [
        "Layer 1:\n0 0 1\n0 0 0\n0 0 0\nLayer 2:\n0 0 1\n0 0 0\n0 0 0\nLayer 3:\n0 0 1\n0 0 0\n0 0 0",
        "Layer 1:\n0 0 1\n0 0 0\n0 0 0\nLayer 2:\n0 0 1\n0 0 0\n0 0 0",
        "Layer 1:\n0 0 1\n0 0 0\n0 0 0\nLayer 2:\n0 0 0\n0 0 0\n0 0 0\nLayer 3:\n0 0 1\n0 0 0\n0 0 0"
      ]
    },
    {
      "observation_set_id": "g3_h3_b1_005",
      "n_observations": 1,
      "n_ground_truths": 3,
      "n_queries": 3,
      "n_valid": 3,
      "n_unique": 2,
      "n_recovered_gts": 2,
      "parse_success_count": 3,
      "parse_success_rate": 1.0,
      "valid_rate": 1.0,
      "novelty_rate": 0.6666666666666666,
      "recovery_rate": 0.6666666666666666,
      "token_usage": {
        "prompt_tokens": 2857,
        "completion_tokens": 751,
        "total_tokens": 3608
      },
      "cost": 0.0006102600000000001,
      "errors": [],
      "error_summary": {
        "total_errors": 0,
        "error_types": {}
      },